name,start,finish,categories
Concept Freeze,2026-10-01,2026-10-15,
Substructure,2026-11-01,2026-12-15,FOOTING;SLAB
Structural Frame L00-L07,2026-12-16,2027-02-28,COLUMN;BEAM;SLAB
Structural Frame L08-L14,2027-03-01,2027-04-30,COLUMN;BEAM;SLAB
External Walls,2027-03-15,2027-05-31,WALL;CURTAINWALL
Roof,2027-05-01,2027-05-31,ROOF
Windows and External Doors,2027-05-15,2027-06-30,WINDOW;DOOR
Internal Partitions,2027-06-01,2027-07-15,WALL
Stairs and Railings,2027-06-15,2027-07-15,STAIR;RAILING
MEP First Fix,2027-06-15,2027-08-15,PIPESEGMENT;DUCTSEGMENT
Finishes and Furniture,2027-08-01,2027-09-15,COVERING;FURNITURE
Handover,2027-09-16,2027-09-30,
